Target	gRNA for Cas9 targeting	Location (hg19)
CRE1_1	GTGGAGGTTTAATTGAAACC	chr14:37886718-37886737
CRE1_2	AACATGACCATAGACCTACT	chr14:37886860-37886879
CRE1_3	CCAATTTCCATTCATGGTCT	chr14:37887321-37887340
CRE1_4	ACCCATTTTTCAATCACGTA	chr14:37887646-37887665
CRE1_5	TATTGAAATGTGGTCTTCTA	chr14:37887034-37887053
CRE1_6	CATAATTCCAGGTGACATAA	chr14:37887749-37887768
CRE2_1	TGACTATAGCTGGTGTTCAC	chr14:37905489-37905508
CRE2_2	CAGGTGAATAAAGTCTACTC	chr14:37905215-37905234
CRE2_3	ATTTACTAATGCATGTGTCA	chr14:37905617-37905636
CRE2_4	AACTTAACAGCAGGTTGCCT	chr14:37904850-37904869
CRE2_5	GCATTAAGCTTAATTTGTGC	chr14:37905060-37905079
CRE2_6	CAGAAGCAGGATTCTGTGAC	chr14:37905425-37905444
CRE2_7	TGGCAGTACAGTCAGATATC	chr14:37905915-37905934
CRE2_8	CTTAGGTTTGGAATAGTCAG	chr14:37906218-37906237
CRE3_1	CACTATTTCTCGATCCAAAC	chr14:38035926-38035945
CRE3_2	GCGGTAAATACTAGAAATTT	chr14:38036041-38036060
CRE3_3	GTTTCTGGGAACCTGTTAGT	chr14:38036102-38036121
CRE3_4	GAGTCCGCCTTATCTCCACA	chr14:38036347-38036366
CRE3_5	GTCCTTTAAGACTCCATATG	chr14:38036460-38036479
CRE3_6	CTTCTATCCCCTTATCTAAA	chr14:38036572-38036591
CRE4_1	CCTTCGTGCGACACGTAGTT	chr14:38053998-38054017
CRE4_2	TGATGCTAATGCTCGGTCCT	chr14:38054179-38054198
CRE4_3	TAACCCGGATCCTTAGCGGA	chr14:38054385-38054404
CRE4_4	CGAGGCCCTGCGCTACAATA	chr14:38054499-38054518
CRE4_5	CGCAGCGGTAGTTGGCGCCC	chr14:38054577-38054596
CRE4_6	AACTGACCCGGGATATGAGC 	chr14:38054901-38054920
CRE5_1	CACAGGTGTTCGGAAGTAGA	chr14:38056803-38056822
CRE5_2	AAATGTTTGCTCGGTAGCGT	chr14:38057009-38057028
CRE5_3	TCGCCAGCTCCCGAAGACCA	chr14:38057208-38057227
CRE5_4	CCGCAGGAGCCGTAACGAGG	chr14:38057452-38057471
CRE5_5	CCCGCGCGCGTCCTAACGCG	chr14:38057639-38057658
CRE5_6	CTTCCGAGGTCTCCAAATTA	chr14:38058088-38058107
CRE6_1	AGTTTAAGCTTTGTTGAACC	chr14:38127236-38127255
CRE6_2	GTTAGTCATTTTATGGGATC	chr14:38127547-38127566
CRE6_3	ACATTTTTGTCTGACCTTGC	chr14:38127651-38127670
CRE6_4	ACACACATGGATGTAGTGTA	chr14:38127732-38127751
CRE6_5	TTCAGACATTTTACTTACCC	chr14:38127948-38127967
CRE6_6	GTTGGAGCTAAATTACACAA	chr14:38128193-38128212
FOXA1(+)_1	TCTTTGTGCGGCGGACAAAT	chr14:38064525-38064544
FOXA1(+)_2	GAGTTCAATCCAGTATCGCC	chr14:38066997-38067016
FOXA1(+)_3	CGCAGTACCTGAGCGGCACT	chr14:38067708-38067727
FOXA1(+)_4	ACGTCTGCGAATTAAACGGT	chr14:38063687-38063706
FOXA1(+)_5	CCCGACTCTCGCAGCCGGAG	chr14:38063887-38063906
FOXA1(+)_6	GTAGTAGCTGTTCCAGTCGC	chr14:38064121-38064140
AAVS1 (-)_1	ATTCCCAGGGCCGGTTAATG	chr19:55627186-55627205
AAVS1 (-)_2	GTCCCCTCCACCCCACAGTG	chr19:55627139-55627158
AAVS1 (-)_3	GGGGCCACTAGGGACAGGAT	chr19:55627120-55627139
AAVS1 (-)_4	ACTAGGAAGGAGGAGGCCTA	chr19:55627077-55627096
AAVS1 (-)_5	CGTGGGGTACCCTAAGAACT	chr19:55625766-55625785
AAVS1 (-)_6	GATTCCCTTCTCAGGTTACG	chr19:55626035-55626054
chr14 different TAD non-targeting (-)_1	AAACGTCACTAATGTTGGGG	chr14:30211476-30211495
chr14 different TAD non-targeting (-)_2	AAGAGCCCTCACCCCCATGA	chr14:30212122-30212141
chr14 different TAD non-targeting (-)_3	GCGAGTCCAAAATCTGCTAT	chr14:30211558-30211577
chr14 different TAD non-targeting (-)_4	GTATTTATCTAGCTCTCAGT	chr14:30212024-30212043
chr14 different TAD non-targeting (-)_5	GCCGTACAGCATTTTACAAG	chr14:30211388-30211407
chr14 different TAD non-targeting (-)_6	GCATATCTCAGACCTTCATG	chr14:30212137-30212156
Within_TAD_Neg1_1	CATATCAGCTGTAGTGTATG	chr14:37812350-37812369
Within_TAD_Neg1_2	TATTCCAAGTTATTGTAATG	chr14:37812510-37812529
Within_TAD_Neg1_3	TTCACATTGACACCAAAGTT	chr14:37812661-37812680
Within_TAD_Neg1_4	AGAGTTGTATCACATCCAAG	chr14:37812733-37812752
Within_TAD_Neg1_5	TAAAAACTTAGACGATGTTA	chr14:37812833-37812852
Within_TAD_Neg1_6	GCTGGTATCATGAATCCTTA	chr14:37813115-37813134
Within_TAD_Neg2_1	AGCCACCCCACAGTTGTTAA	chr14:38151715-38151734
Within_TAD_Neg2_2	GCATGCTTGAAACTAAGCAT	chr14:38151841-38151860
Within_TAD_Neg2_3	TTTCCAACAGAGCGTGCATA	chr14:38151953-38151972
Within_TAD_Neg2_4	TACCGTTAAAGACACCCACT	chr14:38152153-38152172
Within_TAD_Neg2_5	CCATACGTTGGTCCTTGCCT	chr14:38152244-38152263
Within_TAD_Neg2_6	GAAGTGCAAGTTGCCCACTT	chr14:38152312-38152331
Within_TAD_Neg3_1	CATTTTAGCTAAGGACTTGC	chr14:37875337-37875356
Within_TAD_Neg3_2	GTATAGAAGAAATTCTACCC	chr14:37875447-37875466
Within_TAD_Neg3_3	GTTTGGTTCAGCATGTGTTC	chr14:37875530-37875549
Within_TAD_Neg3_4	TTACGACTCAAGTGTAAAGG	chr14:37875669-37875688
Within_TAD_Neg3_5	GTACCAGAGAGCTTAGTGAA	chr14:37875775-37875794
Within_TAD_Neg3_6	TACCAAGCCAACTGTTCTTG	chr14:37875913-37875932
