Mutation (hg19)	Wild Type or Mutant	gBlock Sequence

chr14:37887005 (A>G)	Wild Type	AACCAACGGATCCATCCTAGTAGGTCTATGGTCATGTTCTTTGAGAAATCATCTAACTTGATGTATTGTTTGAAGATACCCAATTATATATTTTATAGATGTGTTTAATAGTGCTAGCTTAATCATATATATTTATGGTTACTCTGGAAATAACTCTATTAAAATAACTATCACACATATTAAATTATACCATATTGAAATGTGGTCTTCTATGGTAAAATAAGCAATGTTTTCTGGATACTTGTTAGTTCCAACTTTCTTTCTAACCATCTATGAAACCTTGGACAATTTCCAAATGTTTCCCTGAACATGTTGGATCCTAGAGAGGGG
chr14:37887005 (A>G)	Mutant	AACCAACGGATCCATCCTAGTAGGTCTATGGTCATGTTCTTTGAGAAATCATCTAACTTGATGTATTGTTTGAAGATACCCAATTATATATTTTATAGATGTGTTTAATAGTGCTAGCTTAATCATATATATTTATGGTTACTCTGGAAATAACTCTATTAAAGTAACTATCACACATATTAAATTATACCATATTGAAATGTGGTCTTCTATGGTAAAATAAGCAATGTTTTCTGGATACTTGTTAGTTCCAACTTTCTTTCTAACCATCTATGAAACCTTGGACAATTTCCAAATGTTTCCCTGAACATGTTGGATCCTAGAGAGGGG
chr14:37887437 (G>T)	Wild Type	AACCAACGGATCCCATAACATCAGATGTCTCTGTTCTAAGATAAAAACCAATTTCCATTCATGGTCTTGGAGTTACTAAAACAAGGCTTAACTGTATCAGACTATAACTATTAAAAACACATTTAAACCAAACATAACAAGATCTCAAGGAGAGATAAAAGTGGTTTATCCACAATACTGGTTAAGAATAGCGCTTAGTGATGTGAACAGTGTGGTCTTTTCTTTGTCATTCTGAGTTACTAGATTAAGCTCCAGTGAAACAATGTAGTTCATTTCTGATACAGTCCCAACACAAATGGCTGTCCTATTTAGATGGATCCTAGAGAGGGG
chr14:37887437 (G>T)	Mutant	AACCAACGGATCCCATAACATCAGATGTCTCTGTTCTAAGATAAAAACCAATTTCCATTCATGGTCTTGGAGTTACTAAAACAAGGCTTAACTGTATCAGACTATAACTATTAAAAACACATTTAAACCAAACATAACAAGATCTCAAGGAGAGATAAAAGTGTTTTATCCACAATACTGGTTAAGAATAGCGCTTAGTGATGTGAACAGTGTGGTCTTTTCTTTGTCATTCTGAGTTACTAGATTAAGCTCCAGTGAAACAATGTAGTTCATTTCTGATACAGTCCCAACACAAATGGCTGTCCTATTTAGATGGATCCTAGAGAGGGG
chr14:37904343 (A>T)	Wild Type	AACCAACGGATCCAGGTAAAAATTACCCTCTCTAAAAGGGGCATGCACTTGCCATTTCACCACACTTTCTATTCCACCTACTTTGTGAATTTAAAGTCATCTTCCTCAACCCTGTAGGTATTTAATTTTATGACCCCAGATGTATGTTGTGATATTACTTATAAAATGGATGTTTGTACACGTATACATATACTCTGGCCCCTGGCTACCTCTCTAACCTTATTTCTTAACATGTTTCTACTCTTGGTTCACTCCAGCCACACTAGGTTCCTTAATAACTCAAATATTCTAGGTGTGCTCCCATCCCAGGGCCCGGATCCTAGAGAGGGG
chr14:37904343 (A>T)	Mutant	AACCAACGGATCCAGGTAAAAATTACCCTCTCTAAAAGGGGCATGCACTTGCCATTTCACCACACTTTCTATTCCACCTACTTTGTGAATTTAAAGTCATCTTCCTCAACCCTGTAGGTATTTAATTTTATGACCCCAGATGTATGTTGTGATATTACTTATATAATGGATGTTTGTACACGTATACATATACTCTGGCCCCTGGCTACCTCTCTAACCTTATTTCTTAACATGTTTCTACTCTTGGTTCACTCCAGCCACACTAGGTTCCTTAATAACTCAAATATTCTAGGTGTGCTCCCATCCCAGGGCCCGGATCCTAGAGAGGGG
chr14:37905854 (A>G)	Wild Type	AACCAACGGATCCATTGAAGACCTTTGTTCAGGAACATTCTGATTCATTAATTGCAAAAACAATAAATGTTAAACATACAGTACAAGATCTAATAAACTGAGATCTTTAAGCTAGTTTTGATTTCTATAAACTTTCTAATGCCACTGCTGTCATAAAAAGCTTAGTAAATATTGACTGAGGATGATGATGACGATCCGTCAGTATTTTTAAGACTGGGTGGCACTGGCAGTACAGTCAGATATCCGGGACTTAACATTGTTATTTTGCCATGAGGCCCTTCCACCTGGCCCTATCCCAAAATGATGAATGTTTAGGATCCTAGAGAGGGG
chr14:37905854 (A>G)	Mutant	AACCAACGGATCCATTGAAGACCTTTGTTCAGGAACATTCTGATTCATTAATTGCAAAAACAATAAATGTTAAACATACAGTACAAGATCTAATAAACTGAGATCTTTAAGCTAGTTTTGATTTCTATAAACTTTCTAATGCCACTGCTGTCATAAAAAGCTTGGTAAATATTGACTGAGGATGATGATGACGATCCGTCAGTATTTTTAAGACTGGGTGGCACTGGCAGTACAGTCAGATATCCGGGACTTAACATTGTTATTTTGCCATGAGGCCCTTCCACCTGGCCCTATCCCAAAATGATGAATGTTTAGGATCCTAGAGAGGGG
chr14:37906009 (T>C)	Wild Type	AACCAACGGATCCATATTGACTGAGGATGATGATGACGATCCGTCAGTATTTTTAAGACTGGGTGGCACTGGCAGTACAGTCAGATATCCGGGACTTAACATTGTTATTTTGCCATGAGGCCCTTCCACCTGGCCCTATCCCAAAATGATGAATGTTTACCTATAGTTAGGTATTTAAATGTGTAAATATTCCAGATTCAATTATATGTGAGGTAGCTAGAGTTTTCATTCCTTAAATCATGAACTAGTTCTCTAAAGTTTAAATGATTTACAAGTCTGCAAGGGTCAAAATTGACTTGACTGAATGTTTTCCCGGATCCTAGAGAGGGG
chr14:37906009 (T>C)	Mutant	AACCAACGGATCCATATTGACTGAGGATGATGATGACGATCCGTCAGTATTTTTAAGACTGGGTGGCACTGGCAGTACAGTCAGATATCCGGGACTTAACATTGTTATTTTGCCATGAGGCCCTTCCACCTGGCCCTATCCCAAAATGATGAATGTTTACCTACAGTTAGGTATTTAAATGTGTAAATATTCCAGATTCAATTATATGTGAGGTAGCTAGAGTTTTCATTCCTTAAATCATGAACTAGTTCTCTAAAGTTTAAATGATTTACAAGTCTGCAAGGGTCAAAATTGACTTGACTGAATGTTTTCCCGGATCCTAGAGAGGGG
chr14:38036543 (A>G)	Wild Type	AACCAACGGATCCAATTTATTATGAAATGCTTTGTTTGTGTTAACATATATCTTCTCTGGGAAGCTGGAAACAAAGGCATGTCCTTTAAGACTCCATATGGGGAAAACACATCCTCCTTTGGAATTTAACCTTAATTTGAACCAAGATCTGTGAAAGAAAAGTACTTTAGTGTATTGTTCCCTTGCTCCACCCTTCTATCCCCTTATCTAAATGGAGTTACTGTTGCTTCGTGTTTTTTTAACCCTTCCAATTCCAGTCCTTGCTTTCCTGAGTTTAAAATTTATCCTGGGAAAGAAATATATTAAAATAATTGGGATCCTAGAGAGGGG
chr14:38036543 (A>G)	Mutant	AACCAACGGATCCAATTTATTATGAAATGCTTTGTTTGTGTTAACATATATCTTCTCTGGGAAGCTGGAAACAAAGGCATGTCCTTTAAGACTCCATATGGGGAAAACACATCCTCCTTTGGAATTTAACCTTAATTTGAACCAAGATCTGTGAAAGAAAAGTGCTTTAGTGTATTGTTCCCTTGCTCCACCCTTCTATCCCCTTATCTAAATGGAGTTACTGTTGCTTCGTGTTTTTTTAACCCTTCCAATTCCAGTCCTTGCTTTCCTGAGTTTAAAATTTATCCTGGGAAAGAAATATATTAAAATAATTGGGATCCTAGAGAGGGG
chr14:38055269(C>G)	Wild Type	AACCAACGGATCCCCCTGATGTGTAATCTTGAAGGGGAGTTGAGAGACGTAAAAAGTTAAACCAAGGCAACCTCACACTTAAATTCTGAGTCAGGCCTGCCGTTGGTGTCACTGGCCTGGTTCTTGATTTCGCCAGTGACTTGACCCGCATTCCACCTGGATTCTGATGTATTCGAGCACGATTCTACTTAAGCCCTTTCCTTCCTGGATTTTGAGGGAGAATATCTTGCCTCTGTCCTTTAGGTTGACTGGAACATAGAGAACCCCAAAAGATCACGGAGTGGCACCCAGAAAAAGGAGGGCTCCTTATTTCCGGATCCTAGAGAGGGG
chr14:38055269(C>G)	Mutant	AACCAACGGATCCCCCTGATGTGTAATCTTGAAGGGGAGTTGAGAGACGTAAAAAGTTAAACCAAGGCAACCTCACACTTAAATTCTGAGTCAGGCCTGCCGTTGGTGTCACTGGCCTGGTTCTTGATTTCGCCAGTGACTTGACCCGCATTCCACCTGGATTGTGATGTATTCGAGCACGATTCTACTTAAGCCCTTTCCTTCCTGGATTTTGAGGGAGAATATCTTGCCTCTGTCCTTTAGGTTGACTGGAACATAGAGAACCCCAAAAGATCACGGAGTGGCACCCAGAAAAAGGAGGGCTCCTTATTTCCGGATCCTAGAGAGGGG
chr14:38055908 (T>C)	Wild Type	AACCAACGGATCCCCCAAACTTAGCTATTTGGAAGAAAAAACACAAGATTTAAGGTAATCTGTTGTTAAATGTTATTTGGATACACTAACATCGTGCATGAAAATAAAACTTGTGTAAGTGGCTACTTTAAGAAACGCTTTACCTTTCCAAATCAATTCTATTTATAAACAGGAAGATTGTGAAATATTCATGTTTTTTTCATTTCATTTTCTTACATTCTTACTCTCATGAGAATCTATTGATTCTAACGATTCTTTCAGTTTGAGAAAATTTTGTTTTTAAATTTCAGCATAATTTGATTACCTATTTAGTTGGATCCTAGAGAGGGG
chr14:38055908 (T>C)	Mutant	AACCAACGGATCCCCCAAACTTAGCTATTTGGAAGAAAAAACACAAGATTTAAGGTAATCTGTTGTTAAATGTTATTTGGATACACTAACATCGTGCATGAAAATAAAACTTGTGTAAGTGGCTACTTTAAGAAACGCTTTACCTTTCCAAATCAATTCTATTCATAAACAGGAAGATTGTGAAATATTCATGTTTTTTTCATTTCATTTTCTTACATTCTTACTCTCATGAGAATCTATTGATTCTAACGATTCTTTCAGTTTGAGAAAATTTTGTTTTTAAATTTCAGCATAATTTGATTACCTATTTAGTTGGATCCTAGAGAGGGG
chr14:38056977 (T>G)	Wild Type	AACCAACGGATCCTTTAGTTTTTGCTGAATAGAACTGGTGAGCTTTTCTTCTTCCCTATCTTTGGTTCTGTTTTTGTCACCTTAAAAATGTTTCATACCTGCCCTTCCTAAATGCAAGGTGAGAGTAACAATTGCAGCTCCCCTCCCCTGTCCTATGCTCACTCCCAAAACATTTGTTTTTTTCTTTTTTGTAAAAATGTTTGCTCGGTAGCGTTGGTGGGTCCGAGCGCCACCGGAGCTGTACACTTGGGTCAGGAGGAAGGCTTTCCCTCCTCGCCCCTCTTCGCCCCCTCCCTCCCCTCCCCGGGGACCCGGATCCTAGAGAGGGG
chr14:38056977 (T>G)	Mutant	AACCAACGGATCCTTTAGTTTTTGCTGAATAGAACTGGTGAGCTTTTCTTCTTCCCTATCTTTGGTTCTGTTTTTGTCACCTTAAAAATGTTTCATACCTGCCCTTCCTAAATGCAAGGTGAGAGTAACAATTGCAGCTCCCCTCCCCTGTCCTATGCTCACGCCCAAAACATTTGTTTTTTTCTTTTTTGTAAAAATGTTTGCTCGGTAGCGTTGGTGGGTCCGAGCGCCACCGGAGCTGTACACTTGGGTCAGGAGGAAGGCTTTCCCTCCTCGCCCCTCTTCGCCCCCTCCCTCCCCTCCCCGGGGACCCGGATCCTAGAGAGGGG
chr14:38127842 (T>C)	Wild Type	AACCAACGGATCCATTTTAGAAAAGCCCTGGGTAGCTGGGAGCTGAATAATGTACACACATGGATGTAGTGTATGGAATGACAGACAGTGGAGACTTGGCAGGGTGAGAGGGTTGGCAGGAAATGGAGGATAAGAAATTACTTAATGAGTACATTGGGTTATTTGGGTGAAAGATACCTTAAAAGCCTTGACTTCTACACAATCTATGCACATAGCAAAAACTACATTTACACACCATACATTTAAACAAGAAAGAAAAGAAAAGTCCTGGGTAAGTAAAATGTCTGAAAAAGCCTTTAAAAATTTTTTTATTTGGATCCTAGAGAGGGG
chr14:38127842 (T>C)	Mutant	AACCAACGGATCCATTTTAGAAAAGCCCTGGGTAGCTGGGAGCTGAATAATGTACACACATGGATGTAGTGTATGGAATGACAGACAGTGGAGACTTGGCAGGGTGAGAGGGTTGGCAGGAAATGGAGGATAAGAAATTACTTAATGAGTACATTGGGTTATTCGGGTGAAAGATACCTTAAAAGCCTTGACTTCTACACAATCTATGCACATAGCAAAAACTACATTTACACACCATACATTTAAACAAGAAAGAAAAGAAAAGTCCTGGGTAAGTAAAATGTCTGAAAAAGCCTTTAAAAATTTTTTTATTTGGATCCTAGAGAGGGG
