Name	Primer Sequence
Constant, pGL3 Promoter, after BamHI_ Reverse Complement	GAA GAC AGT CAT AAG TGC GG
7005_A_F_MAMA	GGT TAC TCT GGA AAT AAC TCT ATT AAA A
7005_G_F_MAMA	GGT TAC TCT GGA AAT AAC TCT ATT AAT G
7437_G_F_MAMA	CAA GAT CTC AAG GAG AGA TAA AAG TGG
7437_T_F_MAMA	CAA GAT CTC AAG GAG AGA TAA AAG TCT
5854_A_F_MAMA	GCC ACT GCT GTC ATA AAA AGC TTA
5854_G_F_MAMA	GCC ACT GCT GTC ATA AAA AGC TAG
6009_T_F_MAMA	CCC AAA ATG ATG AAT GTT TAC CTA T
6009_C_F_MAMA	CCC AAA ATG ATG AAT GTT TAC CTT C
6543_A_F_MAMA	GAA CCA AGA TCT GTG AAA GAA AAG TA
6543_G_F_MAMA	GAA CCA AGA TCT GTG AAA GAA AAG AG
7842_T_F_MAMA	CTT AAT GAG TAC ATT GGG TTA TTT
7842_C_F_MAMA	CTT AAT GAG TAC ATT GGG TTA TGC
5269_C_F_MAMA	CGC ATT CCA CCT GGA TTC
5269_G_F_MAMA	CGC ATT CCA CCT GGA TTG
5908_T_F_MAMA	GCT TTA CCT TTC CAA ATC AAT TCT ATT T
5908_C_F_MAMA	GCT TTA CCT TTC CAA ATC AAT TCT ATG C
6977_T_F_MAMA	CCC CTG TCC TAT GCT CAC T
6977_G_F_MAMA	CCC CTG TCC TAT GCT CAAG
4343_A_F_MAMA	CCA GAT GTA TGT TGT GAT ATT ACT TAT AA
4343_T_F_MAMA	CCA GAT GTA TGT TGT GAT ATT ACT TAT CT
