Target	gDNA for Cas9	Location (hg19)
CRE1	AAC ATG ACC ATA GAC CTA CT	chr14:37 886 860-37 886 879
CRE1	ACC CAT TTT TCA ATC ACG TA	chr14:37 887 646-37 887 665
CRE2	ATT TAC TAA TGC ATG TGT CA	chr14:37 905 617-37 905 636
CRE2	GCA TTA AGC TTA ATT TGT GC	chr14:37 905 060-37 905 079
CRE3	TCT ATG TTG TTA TTA ACT AG	chr14:38 035 682-38 035 701
CRE3	TTC CAC TAG GAA CAA TAA TG	chr14:38 036 962-38 036 981
CRE4	CCT TCG TGC GAC ACG TAG TT	chr14:38 053 998-38 054 017
CRE4	AAC TGA CCC GGG ATA TGA GC	chr14:38 054 901-38 054 920
CRE5	TGT GAT CCC TCA ATG TCA AC	chr14:38 056 269-38 056 288
CRE5	GAG TGG GGC GAT CAA AGT AA	chr14:38 058 291-38 058 310
CRE6	AGT TTA AGC TTT GTT GAA CC	chr14:38 127 236-38 127 255
CRE6	TTC AGA CAT TTT ACT TAC CC	chr14:38 127 948-38 127 967
FOXA1 Promoter (+)	TCT TTG TGC GGC GGA CAA AT	chr14:38 064 525-38 064 544
FOXA1 Promoter (+)	ACG TCT GCG AAT TAA ACG GT	chr14:38 063 687-38 063 706
AAVS1 (-)	ATT CCC AGG GCC GGT TAA TG	chr19:55 627 186-55 627 205
AAVS1 (-)	ACT AGG AAG GAG GAG GCC TA	chr19:55 627 077-55 627 096
chr14 non-targeting (-)	AAA CGT CAC TAA TGT TGG GG	chr14:30 211 476-30 211 495
chr14 non-targeting (-)	AAG AGC CCT CAC CCC CAT GA	chr14:30 212 122-30 212 141
